
1)Create a table EMPLOYEE have the following fields (emp_id, name,city,dob,adhar_no)


Create table EMPLOYEE(emp_id int, name varchar(20),city varchar(20),dob int,adhar_no int);
Query OK, 0 rows affected (0.35 sec)

desc EMPLOYEE;
+----------+-------------+------+-----+---------+-------+
| Field    | Type        | Null | Key | Default | Extra |
+----------+-------------+------+-----+---------+-------+
| emp_id   | int(11)     | YES  |     | NULL    |       |
| name     | varchar(20) | YES  |     | NULL    |       |
| city     | varchar(20) | YES  |     | NULL    |       |
| dob      | int(11)     | YES  |     | NULL    |       |
| adhar_no | int(11)     | YES  |     | NULL    |       |
+----------+-------------+------+-----+---------+-------+
5 rows in set (0.00 sec)

*******************************************************************************************************************************

2)Create a table STUDENT have the fields(roll_no, name, age, address, gender)and add following constraints on it


Create table STUDENT(roll_no int, name varchar(20), age int, address varchar(30), gender varchar(20));
Query OK, 0 rows affected (0.37 sec)
desc STUDENT;
+---------+-------------+------+-----+---------+-------+
| Field   | Type        | Null | Key | Default | Extra |
+---------+-------------+------+-----+---------+-------+
| roll_no | int(11)     | YES  |     | NULL    |       |
| name    | varchar(20) | YES  |     | NULL    |       |
| age     | int(11)     | YES  |     | NULL    |       |
| address | varchar(30) | YES  |     | NULL    |       |
| gender  | varchar(20) | YES  |     | NULL    |       |
+---------+-------------+------+-----+---------+-------+
5 rows in set (0.00 sec)


a) Roll_no â€“ Primary key


alter table STUDENT modify roll_no int primary key;
Query OK, 0 rows affected (0.77 sec)
Records: 0  Duplicates: 0  Warnings: 0

desc STUDENT;
+---------+-------------+------+-----+---------+-------+
| Field   | Type        | Null | Key | Default | Extra |
+---------+-------------+------+-----+---------+-------+
| roll_no | int(11)     | NO   | PRI | NULL    |       |
| name    | varchar(20) | YES  |     | NULL    |       |
| age     | int(11)     | YES  |     | NULL    |       |
| address | varchar(30) | YES  |     | NULL    |       |
| gender  | varchar(20) | YES  |     | NULL    |       |
+---------+-------------+------+-----+---------+-------+
5 rows in set (0.00 sec)


b) Name â€“ does not allow null values


alter table STUDENT modify name varchar(20) not null;
Query OK, 0 rows affected (0.59 sec)
Records: 0  Duplicates: 0  Warnings: 0

desc STUDENT;
+---------+-------------+------+-----+---------+-------+
| Field   | Type        | Null | Key | Default | Extra |
+---------+-------------+------+-----+---------+-------+
| roll_no | int(11)     | NO   | PRI | NULL    |       |
| name    | varchar(20) | NO   |     | NULL    |       |
| age     | int(11)     | YES  |     | NULL    |       |
| address | varchar(30) | YES  |     | NULL    |       |
| gender  | varchar(20) | YES  |     | NULL    |       |
+---------+-------------+------+-----+---------+-------+
5 rows in set (0.00 sec)

c) Age- must be in between (0-99), does not allow null values


alter table STUDENT modify age int not null;
Query OK, 0 rows affected (0.74 sec)
Records: 0  Duplicates: 0  Warnings: 0

alter table STUDENT add constraint c_age check(age>0 and age<99);
Query OK, 0 rows affected (0.05 sec)
Records: 0  Duplicates: 0  Warnings: 0

desc STUDENT;
+---------+-------------+------+-----+---------+-------+
| Field   | Type        | Null | Key | Default | Extra |
+---------+-------------+------+-----+---------+-------+
| roll_no | int(11)     | NO   | PRI | NULL    |       |
| name    | varchar(20) | NO   |     | NULL    |       |
| age     | int(11)     | NO   |     | NULL    |       |
| address | varchar(30) | YES  |     | NULL    |       |
| gender  | varchar(20) | YES  |     | NULL    |       |
+---------+-------------+------+-----+---------+-------+
5 rows in set (0.00 sec)


d) Gender- default value is â€˜mâ€™

ALTER TABLE STUDENT ALTER gender SET DEFAULT 'm';
Query OK, 0 rows affected (0.04 sec)
Records: 0  Duplicates: 0  Warnings: 0

desc STUDENT;
+---------+-------------+------+-----+---------+-------+
| Field   | Type        | Null | Key | Default | Extra |
+---------+-------------+------+-----+---------+-------+
| roll_no | int(11)     | NO   | PRI | NULL    |       |
| name    | varchar(20) | NO   |     | NULL    |       |
| age     | int(11)     | NO   |     | NULL    |       |
| address | varchar(30) | YES  |     | NULL    |       |
| gender  | varchar(20) | YES  |     | m       |       |
+---------+-------------+------+-----+---------+-------+
5 rows in set (0.00 sec)

*******************************************************************************************************************************

3) Create a temporary table STUDENT1 of STUDENT relation.


create temporary table studentt select * from STUDENT;
Query OK, 0 rows affected (0.00 sec)
Records: 0  Duplicates: 0  Warnings: 0

desc studentt;
+---------+-------------+------+-----+---------+-------+
| Field   | Type        | Null | Key | Default | Extra |
+---------+-------------+------+-----+---------+-------+
| roll_no | int(11)     | NO   |     | NULL    |       |
| name    | varchar(20) | NO   |     | NULL    |       |
| age     | int(11)     | NO   |     | NULL    |       |
| address | varchar(30) | YES  |     | NULL    |       |
| gender  | varchar(20) | YES  |     | m       |       |
+---------+-------------+------+-----+---------+-------+
5 rows in set (0.00 sec)

*******************************************************************************************************************************

4) Create a duplicate table of EMPLOYEE.


create table dupliemployee select * from EMPLOYEE;
Query OK, 0 rows affected (0.30 sec)
Records: 0  Duplicates: 0  Warnings: 0

desc dupliemployee;
+----------+-------------+------+-----+---------+-------+
| Field    | Type        | Null | Key | Default | Extra |
+----------+-------------+------+-----+---------+-------+
| emp_id   | int(11)     | YES  |     | NULL    |       |
| name     | varchar(20) | YES  |     | NULL    |       |
| city     | varchar(20) | YES  |     | NULL    |       |
| dob      | int(11)     | YES  |     | NULL    |       |
| adhar_no | int(11)     | YES  |     | NULL    |       |
+----------+-------------+------+-----+---------+-------+
5 rows in set (0.00 sec)

*******************************************************************************************************************************
5) Create an INVOICE database and having following tables.


create database INVOICE;
Query OK, 1 row affected (0.00 sec)


a)  Customer(id, name, address, city, ph_no)


create table customer(id int primary key, name varchar(25), address varchar(25), city varchar(25), ph_no int);
Query OK, 0 rows affected (0.33 sec)

desc customer;
+---------+-------------+------+-----+---------+-------+
| Field   | Type        | Null | Key | Default | Extra |
+---------+-------------+------+-----+---------+-------+
| id      | int(11)     | NO   | PRI | NULL    |       |
| name    | varchar(25) | YES  |     | NULL    |       |
| address | varchar(25) | YES  |     | NULL    |       |
| city    | varchar(25) | YES  |     | NULL    |       |
| ph_no   | int(11)     | YES  |     | NULL    |       |
+---------+-------------+------+-----+---------+-------+
5 rows in set (0.00 sec)

b) Product(pid, pname, price (default 0))


create table product(pid int primary key, pname varchar(25),price decimal(5,5) default 0);
Query OK, 0 rows affected (0.35 sec)

desc product;
+-------+--------------+------+-----+---------+-------+
| Field | Type         | Null | Key | Default | Extra |
+-------+--------------+------+-----+---------+-------+
| pid   | int(11)      | NO   | PRI | NULL    |       |
| pname | varchar(25)  | YES  |     | NULL    |       |
| price | decimal(5,5) | YES  |     | 0.00000 |       |
+-------+--------------+------+-----+---------+-------+
3 rows in set (0.00 sec)

c) Invoice_master(inv_id, cust_id(FK), inv_date)

create table invoice_master (inv_id int primary key,cust_id int,inv_date date,constraint c_custid foreign key(cust_id) references customer(id));
Query OK, 0 rows affected (0.51 sec)

desc invoice_master;
+----------+---------+------+-----+---------+-------+
| Field    | Type    | Null | Key | Default | Extra |
+----------+---------+------+-----+---------+-------+
| inv_id   | int(11) | NO   | PRI | NULL    |       |
| cust_id  | int(11) | YES  | MUL | NULL    |       |
| inv_date | date    | YES  |     | NULL    |       |
+----------+---------+------+-----+---------+-------+
3 rows in set (0.00 sec)

d) Invoice_item(inv_id (FK), pid(FK), quantity)


create table invoice_item (inv_id int ,pid int,quantity int,constraint c_invid foreign key(inv_id) references invoice_master(inv_id),constraint c_pid foreign key(pid) references product(pid));
Query OK, 0 rows affected (0.47 sec)

desc invoice_item;
+----------+---------+------+-----+---------+-------+
| Field    | Type    | Null | Key | Default | Extra |
+----------+---------+------+-----+---------+-------+
| inv_id   | int(11) | YES  | MUL | NULL    |       |
| pid      | int(11) | YES  | MUL | NULL    |       |
| quantity | int(11) | YES  |     | NULL    |       |
+----------+---------+------+-----+---------+-------+
3 rows in set (0.00 sec)





