?)Create a table EMPLOYEE have the following fields (emp_id, name,city,dob,adhar_no)





mysql> create table employeee(emp_id int,name varchar(10),city varchar(10),dob date,adhar_no int);
Query OK, 0 rows affected (0.47 sec)

mysql> desc employeee;
+----------+-------------+------+-----+---------+-------+
| Field    | Type        | Null | Key | Default | Extra |
+----------+-------------+------+-----+---------+-------+
| emp_id   | int(11)     | YES  |     | NULL    |       |
| name     | varchar(10) | YES  |     | NULL    |       |
| city     | varchar(10) | YES  |     | NULL    |       |
| dob      | date        | YES  |     | NULL    |       |
| adhar_no | int(11)     | YES  |     | NULL    |       |
+----------+-------------+------+-----+---------+-------+
5 rows in set (0.00 sec)



?)Create a table STUDENT have the fields(roll_no, name, age, address, gender)and add following constraints on it.




mysql> create table stdu(roll_no int,name varchar(10),age int,address varchar(10),gender varchar(10));
Query OK, 0 rows affected (0.75 sec)

mysql> desc stdu;
+---------+-------------+------+-----+---------+-------+
| Field   | Type        | Null | Key | Default | Extra |
+---------+-------------+------+-----+---------+-------+
| roll_no | int(11)     | YES  |     | NULL    |       |
| name    | varchar(10) | YES  |     | NULL    |       |
| age     | int(11)     | YES  |     | NULL    |       |
| address | varchar(10) | YES  |     | NULL    |       |
| gender  | varchar(10) | YES  |     | NULL    |       |
+---------+-------------+------+-----+---------+-------+
5 rows in set (0.00 sec)



?)Roll_no – Primary key




mysql> alter table stdu add primary key(roll_no);  // use only create command
Query OK, 0 rows affected (0.99 sec)
Records: 0  Duplicates: 0  Warnings: 0

mysql> desc stdu;
+---------+-------------+------+-----+---------+-------+
| Field   | Type        | Null | Key | Default | Extra |
+---------+-------------+------+-----+---------+-------+
| roll_no | int(11)     | NO   | PRI | NULL    |       |
| name    | varchar(10) | YES  |     | NULL    |       |
| age     | int(11)     | YES  |     | NULL    |       |
| address | varchar(10) | YES  |     | NULL    |       |
| gender  | varchar(10) | YES  |     | NULL    |       |
+---------+-------------+------+-----+---------+-------+
5 rows in set (0.00 sec)




?)Name – does not allow null values




mysql> alter table stdu modify name varchar(20) not null;
Query OK, 0 rows affected (1.02 sec)
Records: 0  Duplicates: 0  Warnings: 0

mysql> desc stdu;
+---------+-------------+------+-----+---------+-------+
| Field   | Type        | Null | Key | Default | Extra |
+---------+-------------+------+-----+---------+-------+
| roll_no | int(11)     | NO   | PRI | NULL    |       |
| name    | varchar(20) | NO   |     | NULL    |       |
| age     | int(11)     | YES  |     | NULL    |       |
| address | varchar(10) | YES  |     | NULL    |       |
| gender  | varchar(10) | YES  |     | NULL    |       |
+---------+-------------+------+-----+---------+-------+
5 rows in set (0.00 sec)


?)Gender- default value is ‘m’



mysql> alter table stdu alter gender set default 'm';
Query OK, 0 rows affected (0.45 sec)
Records: 0  Duplicates: 0  Warnings: 0

mysql> desc stdu;
+---------+-------------+------+-----+---------+-------+
| Field   | Type        | Null | Key | Default | Extra |
+---------+-------------+------+-----+---------+-------+
| roll_no | int(11)     | NO   | PRI | NULL    |       |
| name    | varchar(20) | NO   |     | NULL    |       |
| age     | int(11)     | YES  |     | NULL    |       |
| address | varchar(10) | YES  |     | NULL    |       |
| gender  | varchar(10) | YES  |     | m       |       |
+---------+-------------+------+-----+---------+-------+
5 rows in set (0.00 sec)

?)Create a temporary table STUDENT1 of STUDENT relation.


mysql> create temporary table empp select * from stdu;
Query OK, 0 rows affected (0.00 sec)
Records: 0  Duplicates: 0  Warnings: 0

mysql> desc empp;
+---------+-------------+------+-----+---------+-------+
| Field   | Type        | Null | Key | Default | Extra |
+---------+-------------+------+-----+---------+-------+
| roll_no | int(11)     | NO   |     | NULL    |       |
| name    | varchar(20) | NO   |     | NULL    |       |
| age     | int(11)     | YES  |     | NULL    |       |
| address | varchar(10) | YES  |     | NULL    |       |
| gender  | varchar(10) | YES  |     | m       |       |
+---------+-------------+------+-----+---------+-------+
5 rows in set (0.00 sec)

mysql> desc stdu;
+---------+-------------+------+-----+---------+-------+
| Field   | Type        | Null | Key | Default | Extra |
+---------+-------------+------+-----+---------+-------+
| roll_no | int(11)     | NO   | PRI | NULL    |       |
| name    | varchar(20) | NO   |     | NULL    |       |
| age     | int(11)     | YES  |     | NULL    |       |
| address | varchar(10) | YES  |     | NULL    |       |
| gender  | varchar(10) | YES  |     | m       |       |
+---------+-------------+------+-----+---------+-------+
5 rows in set (0.00 sec)


mysql> create temporary table stdu1 select * from stdu;
Query OK, 0 rows affected (0.01 sec)
Records: 0  Duplicates: 0  Warnings: 0

mysql> desc stdu1;
+---------+-------------+------+-----+---------+-------+
| Field   | Type        | Null | Key | Default | Extra |
+---------+-------------+------+-----+---------+-------+
| roll_no | int(11)     | NO   |     | NULL    |       |
| name    | varchar(20) | NO   |     | NULL    |       |
| age     | int(11)     | YES  |     | NULL    |       |
| address | varchar(10) | YES  |     | NULL    |       |
| gender  | varchar(10) | YES  |     | m       |       |
+---------+-------------+------+-----+---------+-------+
5 rows in set (0.00 sec)

mysql> create table empp1 select * from empp;
Query OK, 0 rows affected (0.80 sec)
Records: 0  Duplicates: 0  Warnings: 0

mysql> desc empp1;
+---------+-------------+------+-----+---------+-------+
| Field   | Type        | Null | Key | Default | Extra |
+---------+-------------+------+-----+---------+-------+
| roll_no | int(11)     | NO   |     | NULL    |       |
| name    | varchar(20) | NO   |     | NULL    |       |
| age     | int(11)     | YES  |     | NULL    |       |
| address | varchar(10) | YES  |     | NULL    |       |
| gender  | varchar(10) | YES  |     | m       |       |
+---------+-------------+------+-----+---------+-------+
5 rows in set (0.00 sec)

mysql> show databases;
+--------------------+
| Database           |
+--------------------+
| information_schema |
| DB                 |
| JK                 |
| company            |
| db                 |
| invoice            |
| jithu              |
| ksb                |
| mysql              |
| performance_schema |
| student            |
| sys                |
+--------------------+
12 rows in set (0.01 sec)


Database changed
mysql> create table cust(cust_id int,name varchar(10),address varchar(20),city varchar(10),ph_no int);
Query OK, 0 rows affected (0.79 sec)

mysql> desc cust;
+---------+-------------+------+-----+---------+-------+
| Field   | Type        | Null | Key | Default | Extra |
+---------+-------------+------+-----+---------+-------+
| cust_id | int(11)     | YES  |     | NULL    |       |
| name    | varchar(10) | YES  |     | NULL    |       |
| address | varchar(20) | YES  |     | NULL    |       |
| city    | varchar(10) | YES  |     | NULL    |       |
| ph_no   | int(11)     | YES  |     | NULL    |       |
+---------+-------------+------+-----+---------+-------+
5 rows in set (0.01 sec)



mysql> create table prdt(p_id int primary key,p_name varchar(10),price float default '0');
Query OK, 0 rows affected (0.92 sec)

mysql> desc prdt;
+--------+-------------+------+-----+---------+-------+
| Field  | Type        | Null | Key | Default | Extra |
+--------+-------------+------+-----+---------+-------+
| p_id   | int(11)     | NO   | PRI | NULL    |       |
| p_name | varchar(10) | YES  |     | NULL    |       |
| price  | float       | YES  |     | 0       |       |
+--------+-------------+------+-----+---------+-------+
3 rows in set (0.00 sec)


mysql> alter table cust modify cust_id int primary key;
Query OK, 0 rows affected (1.02 sec)
Records: 0  Duplicates: 0  Warnings: 0

mysql> desc cust;
+---------+-------------+------+-----+---------+-------+
| Field   | Type        | Null | Key | Default | Extra |
+---------+-------------+------+-----+---------+-------+
| cust_id | int(11)     | NO   | PRI | NULL    |       |
| name    | varchar(10) | YES  |     | NULL    |       |
| address | varchar(20) | YES  |     | NULL    |       |
| city    | varchar(10) | YES  |     | NULL    |       |
| ph_no   | int(11)     | YES  |     | NULL    |       |
+---------+-------------+------+-----+---------+-------+
5 rows in set (0.01 sec)

mysql> create table invoice_mas(inv_id int primary key,cust_id int,inv_date date,foreign key(cust_id) references cust(cust_id));
Query OK, 0 rows affected (0.83 sec)

mysql> desc cust;
+---------+-------------+------+-----+---------+-------+
| Field   | Type        | Null | Key | Default | Extra |
+---------+-------------+------+-----+---------+-------+
| cust_id | int(11)     | NO   | PRI | NULL    |       |
| name    | varchar(10) | YES  |     | NULL    |       |
| address | varchar(20) | YES  |     | NULL    |       |
| city    | varchar(10) | YES  |     | NULL    |       |
| ph_no   | int(11)     | YES  |     | NULL    |       |
+---------+-------------+------+-----+---------+-------+
5 rows in set (0.00 sec)

mysql> desc invoice_mas;
+----------+---------+------+-----+---------+-------+
| Field    | Type    | Null | Key | Default | Extra |
+----------+---------+------+-----+---------+-------+
| inv_id   | int(11) | NO   | PRI | NULL    |       |
| cust_id  | int(11) | YES  | MUL | NULL    |       |
| inv_date | date    | YES  |     | NULL    |       |
+----------+---------+------+-----+---------+-------+
3 rows in set (0.00 sec)


mysql> create table invoice_itemm(inv_id int,p_id int,quantity int,constraint c1 foreign key(inv_id) references invoice_mas(inv_id),constraint
c2 foreign key(p_id) references prdt(p_id));
Query OK, 0 rows affected (0.84 sec)

mysql> desc invoice_itemm;
+----------+---------+------+-----+---------+-------+
| Field    | Type    | Null | Key | Default | Extra |
+----------+---------+------+-----+---------+-------+
| inv_id   | int(11) | YES  | MUL | NULL    |       |
| p_id     | int(11) | YES  | MUL | NULL    |       |
| quantity | int(11) | YES  |     | NULL    |       |
+----------+---------+------+-----+---------+-------+
3 rows in set (0.01 sec)




?)Age- must be in between (0-99), does not allow null values




 mysql> alter table stdu add check(0<age<99);  //use CREATE command only
Query OK, 0 rows affected (0.52 sec)
Records: 0  Duplicates: 0  Warnings: 0

mysql> desc stdu;
+---------+-------------+------+-----+---------+-------+
| Field   | Type        | Null | Key | Default | Extra |
+---------+-------------+------+-----+---------+-------+
| roll_no | int(11)     | NO   | PRI | NULL    |       |
| name    | varchar(20) | NO   |     | NULL    |       |
| age     | int(11)     | YES  |     | NULL    |       |
| address | varchar(10) | YES  |     | NULL    |       |
| gender  | varchar(10) | YES  |     | m       |       |
+---------+-------------+------+-----+---------+-------+
5 rows in set (0.00 sec)

mysql> 


// Correck the mistakes
Q2)
2.	Create a table STUDENT have the fields(roll_no, name, age, address, gender)and add following constraints on it.
Roll_no – Primary key
Name – does not allow null values
Age- must be in between (0-99), does not allow null values
Gender- default value is ‘m’
